Pair ID,Group,Round,Proposer,Offer A (€),Offer B (€),Response,Timestamp,,,,,,Anzahl ,Fehler
Pair_pdiqJ9,3,1,Person B,500,500,Too low - counteroffer,12/04/2025 15:25:15,,,,,Gruppe 1,47,
Pair_pdiqJ9,3,2,Person A,817,183,Not accept,12/04/2025 15:25:31,,,,,Gruppe2,36,
Pair_QxgMN1,1,1,Person A,350,650,Too low - counteroffer,12/04/2025 15:29:01,,,,,Gruppe3,33,
Pair_QxgMN1,1,2,Person B,300,700,Better offer outside option,12/04/2025 15:29:14,,,,,Gruppe4,38,
Pair_QxgMN1,1,3,Person A,1000,0,Too low - counteroffer,12/04/2025 15:29:28,,,,,Gruppe5,26,
Pair_QxgMN1,1,4,Person B,210,790,Accept - offer accepted,12/04/2025 15:29:39,,,,,Gruppe6,26,
Pair_AsaBHN,4,1,Person A,300,700,Too low - counteroffer,12/04/2025 17:08:32,,,,,Gruppe7,29,
Pair_AsaBHN,4,2,Person B,300,700,Accept - offer accepted,12/04/2025 17:10:14,,,,,Fehler,,
Pair_nZ-LX4,4,1,Person A,250,750,Better offer outside option,12/04/2025 17:08:05,,,,,Summe,235,
Pair_nZ-LX4,4,2,Person B,450,550,Accept - offer accepted,12/04/2025 17:10:21,,,,,,,
Pair__3h5XQ,3,1,Person A,250,750,Accept - offer accepted,12/04/2025 17:09:12,,,,,,,
Pair_VH56JI,1,1,Person A,300,700,Too low - counteroffer,12/04/2025 17:09:24,,,,,,,
Pair_VH56JI,1,2,Person B,201,799,Too low - counteroffer,12/04/2025 17:10:26,,,,,,,
Pair_VH56JI,1,3,Person A,350,650,Too low - counteroffer,12/04/2025 17:11:16,,,,,,,
Pair_VH56JI,1,4,Person B,260,740,Too low - counteroffer,12/04/2025 17:11:46,,,,,,,
Pair_VH56JI,1,5,Person A,350,650,Too low - counteroffer,12/04/2025 17:12:04,,,,,,,
Pair_VH56JI,1,6,Person B,250,750,Too low - counteroffer,12/04/2025 17:12:48,,,,,,,
Pair_VH56JI,1,7,Person A,340,660,Too low - counteroffer,12/04/2025 17:13:05,,,,,,,
Pair_VH56JI,1,8,Person B,275,725,Not accept,12/04/2025 17:13:20,,,,,,,
Pair_xkLtav,2,1,Person A,300,700,Accept - offer accepted,12/04/2025 17:10:11,,,,,,,
Pair_cPI0zi,1,1,Person B,250,750,Too low - counteroffer,12/04/2025 17:13:35,,,,,,,
Pair_cPI0zi,1,2,Person A,500,500,Too low - counteroffer,12/04/2025 17:14:03,,,,,,,
Pair_cPI0zi,1,3,Person B,240,760,Too low - counteroffer,12/04/2025 17:14:20,,,,,,,
Pair_cPI0zi,1,4,Person A,400,600,Too low - counteroffer,12/04/2025 17:14:35,,,,,,,
Pair_cPI0zi,1,5,Person B,230,770,Too low - counteroffer,12/04/2025 17:14:53,,,,,,,
Pair_cPI0zi,1,6,Person A,250,750,Accept - offer accepted,12/04/2025 17:15:12,,,,,,,
Pair_JJGajy,3,1,Person B,250,750,Too low - counteroffer,12/04/2025 17:14:11,,,,,,,
Pair_JJGajy,3,2,Person A,300,700,Accept - offer accepted,12/04/2025 17:15:12,,,,,,,
Pair_DdLt2p,3,1,Person B,202,798,Too low - counteroffer,12/04/2025 17:15:59,,,,,,,
Pair_DdLt2p,3,2,Person A,250,750,Accept - offer accepted,12/04/2025 17:16:32,,,,,,,
Pair_gRwUEN,2,1,Person B,500,500,Accept - offer accepted,12/04/2025 17:15:47,,,,,,,
Pair_iGWhhG,3,1,Person B,720,280,Not accept,12/06/2025 14:22:34,,,,,,,
Pair_XPaWEE,3,1,Person B,50,950,Too low - counteroffer,12/08/2025 09:28:01,,,,,,,
Pair_XPaWEE,3,2,Person A,349,651,Too low - counteroffer,12/08/2025 09:28:47,,,,,,,
Pair_XPaWEE,3,3,Person B,50,950,Too low - counteroffer,12/08/2025 09:29:15,,,,,,,
Pair_XPaWEE,3,4,Person A,200,800,Too low - counteroffer,12/08/2025 09:30:00,,,,,,,
Pair_XPaWEE,3,5,Person B,51,949,Too low - counteroffer,12/08/2025 09:31:02,,,,,,,
Pair_XPaWEE,3,6,Person A,194,806,Accept - offer accepted,12/08/2025 09:33:15,,,,,,,
Pair_s5lQqN,4,1,Person B,250,750,Too low - counteroffer,12/08/2025 09:27:17,,,,,,,
Pair_s5lQqN,4,2,Person A,300,700,Too low - counteroffer,12/08/2025 09:27:45,,,,,,,
Pair_s5lQqN,4,3,Person B,150,850,Too low - counteroffer,12/08/2025 09:29:38,,,,,,,
Pair_s5lQqN,4,4,Person A,275,725,Not accept,12/08/2025 09:30:25,,,,,,,
Pair_lVmzZC,4,1,Person A,300,700,Too low - counteroffer,12/08/2025 09:27:50,,,,,,,
Pair_lVmzZC,4,2,Person B,225,775,Too low - counteroffer,12/08/2025 09:28:39,,,,,,,
Pair_lVmzZC,4,3,Person A,290,710,Too low - counteroffer,12/08/2025 09:29:08,,,,,,,
Pair_lVmzZC,4,4,Person B,235,765,Too low - counteroffer,12/08/2025 09:29:42,,,,,,,
Pair_lVmzZC,4,5,Person A,280,720,Too low - counteroffer,12/08/2025 09:30:10,,,,,,,
Pair_lVmzZC,4,6,Person B,250,750,Too low - counteroffer,12/08/2025 09:30:41,,,,,,,
Pair_lVmzZC,4,7,Person A,270,730,Not accept,12/08/2025 09:30:54,,,1,-3,,,
Pair_EEwYfa,4,1,Person A,240,760,Too low - counteroffer,12/08/2025 09:29:16,,,,,,,
Pair_EEwYfa,4,2,Person B,225,775,Accept - offer accepted,12/08/2025 09:30:04,,,,,,,
Pair_p3glG9,2,1,Person B,0,1000,Too low - counteroffer,12/08/2025 13:23:58,,,,,,,
Pair_p3glG9,2,2,Person A,400,600,Better offer outside option,12/08/2025 13:24:57,,,,,,,
Pair_p3glG9,2,3,Person B,200,800,Too low - counteroffer,12/08/2025 13:25:41,,,,,,,
Pair_p3glG9,2,4,Person A,450,550,Better offer outside option,12/08/2025 13:25:58,,,,,,,
Pair_p3glG9,2,5,Person B,250,750,Too low - counteroffer,12/08/2025 13:26:21,,,,,,,
Pair_p3glG9,2,6,Person A,475,525,Better offer outside option,12/08/2025 13:26:44,,,,,,,
Pair_p3glG9,2,7,Person B,300,700,Accept - offer accepted,12/08/2025 13:27:18,,,,,,,
Pair_-mJ20S,3,1,Person B,0,1000,Too low - counteroffer,12/08/2025 13:25:25,,,,,,,
Pair_-mJ20S,3,2,Person A,496,504,Better offer outside option,12/08/2025 13:26:38,,,,,,,
Pair_-mJ20S,3,3,Person B,1,999,Too low - counteroffer,12/08/2025 13:27:03,,,,3,-1,,
Pair_-mJ20S,3,4,Person A,300,700,Accept - offer accepted,12/08/2025 13:27:27,,,,,,,
Pair_Fy2w8Z,2,1,Person B,300,700,Too low - counteroffer,12/08/2025 13:26:45,,,,,,,
Pair_Fy2w8Z,2,2,Person A,400,600,Better offer outside option,12/08/2025 13:28:10,,,,,,,
Pair_Fy2w8Z,2,3,Person B,300,700,Accept - offer accepted,12/08/2025 13:28:31,,,,,,,
Pair_GzqxNk,1,1,Person B,352,648,Not accept,12/17/2025 15:55:39,,,,,,,
Pair_7xfWzR,1,1,Person B,400,600,Better offer outside option,12/17/2025 15:57:21,,,,,,,
Pair_7xfWzR,1,2,Person A,525,475,Too low - counteroffer,12/17/2025 15:58:36,,,,,,,
Pair_7xfWzR,1,3,Person B,449,551,Too low - counteroffer,12/17/2025 16:00:09,,,,,,,
Pair_7xfWzR,1,4,Person A,526,474,Better offer outside option,12/17/2025 16:00:55,,,,,,,
Pair_7xfWzR,1,5,Person B,462,538,Accept - offer accepted,12/17/2025 16:02:22,,,,,,,
Pair_8ycBuH,1,1,Person B,260,740,Too low - counteroffer,12/18/2025 01:51:50,,,,,,,
Pair_8ycBuH,1,2,Person A,320,680,Too low - counteroffer,12/18/2025 01:54:12,,,,,,,
Pair_8ycBuH,1,3,Person B,270,730,Too low - counteroffer,12/18/2025 01:54:55,,,,,,,
Pair_8ycBuH,1,4,Person A,300,700,Accept - offer accepted,12/18/2025 01:55:56,,,,,,,
Pair_4bUUB8,4,1,Person B,850,150,Too low - counteroffer,12/18/2025 02:24:40,,,,,,,
Pair_4bUUB8,4,2,Person A,250,750,Too low - counteroffer,12/18/2025 02:25:03,,,,,,,
Pair_4bUUB8,4,3,Person B,900,100,Too low - counteroffer,12/18/2025 02:25:21,,,,,,,
Pair_4bUUB8,4,4,Person A,200,800,Too low - counteroffer,12/18/2025 02:26:04,,,,,,,
Pair_4bUUB8,4,5,Person B,850,150,Accept - offer accepted,12/18/2025 02:26:16,,,,,,,
Pair_H0xXi5,1,1,Person B,200,800,Too low - counteroffer,01/07/2026 18:09:09,,,,,,,
Pair_H0xXi5,1,2,Person A,300,700,Too low - counteroffer,01/07/2026 18:09:24,,,,,,,
Pair_H0xXi5,1,3,Person B,250,750,Too low - counteroffer,01/07/2026 18:09:36,,,,,,,
Pair_H0xXi5,1,4,Person A,300,700,Too low - counteroffer,01/07/2026 18:09:43,,,,,,,
Pair_H0xXi5,1,5,Person B,260,740,Accept - offer accepted,01/07/2026 18:10:02,,,,,,,
Pair_ffioiR,1,1,Person B,0,1000,Too low - counteroffer,01/07/2026 18:11:19,,,,,,,
Pair_ffioiR,1,2,Person A,900,100,Too low - counteroffer,01/07/2026 18:11:46,,,,,,,
Pair_ffioiR,1,3,Person B,500,500,Too low - counteroffer,01/07/2026 18:12:22,,,,,,,
Pair_ffioiR,1,4,Person A,800,200,Too low - counteroffer,01/07/2026 18:12:49,,,,,,,
Pair_ffioiR,1,5,Person B,620,380,Too low - counteroffer,01/07/2026 18:13:34,,,,,,,
Pair_ffioiR,1,6,Person A,750,250,Too low - counteroffer,01/07/2026 18:14:01,,,,,,,
Pair_ffioiR,1,7,Person B,600,400,Too low - counteroffer,01/07/2026 18:14:26,,,,,,,
Pair_ffioiR,1,8,Person A,300,700,Accept - offer accepted,01/07/2026 18:14:41,,,,,,,
Pair_4WTlvw,3,1,Person A,600,400,Too low - counteroffer,01/07/2026 18:17:58,,,,,,,
Pair_4WTlvw,3,2,Person B,500,500,Too low - counteroffer,01/07/2026 18:18:10,,,,,,,
Pair_4WTlvw,3,3,Person A,580,420,Accept - offer accepted,01/07/2026 18:18:23,,,,,,,
Pair_blXTlc,1,1,Person A,500,500,Too low - counteroffer,01/07/2026 19:53:41,,,,,,,
Pair_blXTlc,1,2,Person B,300,700,Accept - offer accepted,01/07/2026 19:54:09,,,,,,,
Pair_jSXGkw,2,1,Person A,325,675,Too low - counteroffer,01/14/2026 10:41:49,,,,,,,
Pair_jSXGkw,2,2,Person B,301,699,Accept - offer accepted,01/14/2026 10:42:10,,,2,-1,,,
Pair_ftS16L,2,1,Person A,600,400,Too low - counteroffer,01/14/2026 11:08:59,,,,,,,
Pair_ftS16L,2,2,Person B,800,200,Not accept,01/14/2026 11:09:28,,,,,,,
Pair_CaUFUD,5,1,Person A,521,479,Too low - counteroffer,01/27/2026 18:22:48,,,,,,,
Pair_CaUFUD,5,2,Person B,463,537,Not accept,01/27/2026 18:22:48,,,,,,,
Pair_rHdNaI,3,1,Person A,709,291,Too low - counteroffer,12/03/2025 13:31:08,,,,,,,
Pair_rHdNaI,3,2,Person B,359,641,Too low - counteroffer,12/03/2025 13:31:15,,,,,,,
Pair_rHdNaI,3,3,Person A,487,513,Too low - counteroffer,12/03/2025 13:31:20,,,,,,,
Pair_rHdNaI,3,4,Person B,517,483,Too low - counteroffer,12/03/2025 13:31:26,,,,,,,
Pair_rHdNaI,3,5,Person A,623,377,Accept - offer accepted,12/03/2025 13:31:31,,,,,,,
Pair_Te0AuE,2,1,Person A,500,500,Too low - counteroffer,12/03/2025 20:30:54,,,,,,,
Pair_Te0AuE,2,2,Person B,300,700,Accept - offer accepted,12/03/2025 20:31:23,,,,,,,
Pair_2LRlB4,3,1,Person B,200,800,Too low - counteroffer,12/03/2025 20:57:13,,,4,-1,,,
Pair_2LRlB4,3,2,Person A,685,315,Too low - counteroffer,12/03/2025 20:57:26,,,,,,,
Pair_2LRlB4,3,3,Person B,200,800,Accept - offer accepted,12/03/2025 20:57:34,,,,,,,
Pair_ldFBR2,4,1,Person B,0,1000,Too low - counteroffer,12/03/2025 22:12:31,,,,,,,
Pair_ldFBR2,4,2,Person A,750,250,Not accept,12/03/2025 22:12:54,,,,,,,
Pair_2WErlN,2,1,Person B,300,700,Not accept,12/04/2025 17:07:56,,,,,,,
Pair_UAFZDt,1,1,Person B,250,750,Better offer outside option,12/04/2025 17:08:34,,,,,,,
Pair_UAFZDt,1,2,Person A,300,700,Not accept,12/04/2025 17:08:56,,,,,,,
Pair_7chm8g,1,1,Person A,300,700,Accept - offer accepted,12/04/2025 17:09:03,,,,,,,
Pair_V0_Ee8,3,1,Person B,250,750,Too low - counteroffer,12/04/2025 17:14:04,,,,,,,
Pair_V0_Ee8,3,2,Person A,350,650,Too low - counteroffer,12/04/2025 17:14:21,,,,,,,
Pair_V0_Ee8,3,3,Person B,300,700,Accept - offer accepted,12/04/2025 17:14:41,,,,,,,
Pair_ELRYzb,1,1,Person B,300,700,Accept - offer accepted,12/04/2025 17:14:48,,,,,,,
Pair_lzfglh,4,1,Person B,500,500,Accept - offer accepted,12/08/2025 09:28:58,,,,,,,
Pair_PNNzkl,1,1,Person B,201,799,Too low - counteroffer,12/08/2025 09:32:15,,,,,,,
Pair_yDpFQw,1,1,Person B,348,652,Accept - offer accepted,12/08/2025 13:23:33,,,,,,,
Pair_qRlPq8,1,1,Person A,500,500,Better offer outside option,12/08/2025 13:25:46,,,,,,,
Pair_qRlPq8,1,2,Person B,400,600,Not accept,12/08/2025 13:26:20,,,,,,,
Pair_yexSuf,1,1,Person A,600,400,Accept - offer accepted,12/08/2025 13:27:07,,,,,,,
Pair_D0E3b-,4,1,Person A,0,1000,Accept - offer accepted,12/08/2025 15:07:11,,,,,2,-1,
Pair_DfsPAj,2,1,Person B,300,700,Accept - offer accepted,12/08/2025 22:20:52,,,,,,,
Pair_vgQL-x,1,1,Person B,300,700,Too low - counteroffer,12/09/2025 15:13:22,,,,,,,
Pair_vgQL-x,1,2,Person A,350,650,Too low - counteroffer,12/09/2025 15:13:49,,,,,,,
Pair_vgQL-x,1,3,Person B,300,700,Better offer outside option,12/09/2025 15:13:57,,,,,,,
Pair_vgQL-x,1,4,Person A,349,651,Not accept,12/09/2025 15:14:18,,,,,,,
Pair_zyeB40,2,1,Person A,600,400,Too low - counteroffer,12/18/2025 02:05:19,,,,,,,
Pair_zyeB40,2,2,Person B,700,300,Accept - offer accepted,12/18/2025 02:06:29,,,,,,,
Pair_VDJhT3,2,1,Person B,200,800,Too low - counteroffer,12/27/2025 17:54:30,,,,,,,
Pair_VDJhT3,2,2,Person A,500,500,Too low - counteroffer,12/27/2025 17:54:41,,,,,,,
Pair_VDJhT3,2,3,Person B,201,799,Too low - counteroffer,12/27/2025 17:55:07,,,,,,,
Pair_VDJhT3,2,4,Person A,400,600,Too low - counteroffer,12/27/2025 17:55:19,,,,,,,
Pair_VDJhT3,2,5,Person B,210,790,Too low - counteroffer,12/27/2025 17:55:41,,,,,,,
Pair_VDJhT3,2,6,Person A,350,650,Too low - counteroffer,12/27/2025 17:56:01,,,,,,,
Pair_VDJhT3,2,7,Person B,250,750,Accept - offer accepted,12/27/2025 17:56:31,,,,,,,
Pair_F6czEc,4,1,Person B,0,1000,Too low - counteroffer,01/07/2026 18:34:25,,,,,,,
Pair_F6czEc,4,2,Person A,750,250,Too low - counteroffer,01/07/2026 18:34:43,,,,,,,
Pair_F6czEc,4,3,Person B,200,800,Accept - offer accepted,01/07/2026 18:34:55,,,,,,,
Pair_TLyVvO,4,1,Person A,700,300,Too low - counteroffer,01/14/2026 10:10:43,,,,,,,
Pair_TLyVvO,4,2,Person B,150,850,Accept - offer accepted,01/14/2026 10:11:16,,,,,,,
Pair_d5xGTj,4,1,Person B,250,750,Accept - offer accepted,01/14/2026 10:18:38,,,,,,,
Pair_BsKdE1,4,1,Person B,500,500,Accept - offer accepted,01/14/2026 10:20:11,,,4,-1,,,
Pair_ThKtfV,2,1,Person B,500,500,Accept - offer accepted,01/14/2026 10:31:28,,,,,,,
Pair_9CdfRJ,2,1,Person A,500,500,Accept - offer accepted,01/14/2026 10:52:19,,,,,,,
Pair_gdYVp3,4,1,Person B,150,850,Too low - counteroffer,01/14/2026 10:59:56,,,,,,,
Pair_gdYVp3,4,2,Person A,200,800,Accept - offer accepted,01/14/2026 11:00:11,,,,,,,
Pair_0ChnJ2,2,1,Person A,500,500,Too low - counteroffer,01/14/2026 11:03:59,,,,,,,
Pair_0ChnJ2,2,2,Person B,275,725,Too low - counteroffer,01/14/2026 11:04:36,,,,,,,
Pair_0ChnJ2,2,3,Person A,300,700,Accept - offer accepted,01/14/2026 11:04:57,,,,,,,
Pair_OnSw28,2,1,Person A,500,500,Too low - counteroffer,12/02/2025 22:54:33,,,,,,,
Pair_OnSw28,2,2,Person B,698,302,Too low - counteroffer,12/02/2025 22:54:55,,,,,,,
Pair_OnSw28,2,3,Person A,197,803,Too low - counteroffer,12/02/2025 22:55:16,,,,,,,
Pair_OnSw28,2,4,Person B,363,637,Too low - counteroffer,12/02/2025 22:55:26,,,,,,,
Pair_OnSw28,2,5,Person A,443,557,Better offer outside option,12/02/2025 22:55:33,,,,,,,
Pair_OnSw28,2,6,Person B,227,773,Better offer outside option,12/02/2025 22:55:42,,,,,,,
Pair_OnSw28,2,7,Person A,250,750,Accept - offer accepted,12/02/2025 22:56:16,,,,,,,
Pair_2gQvZQ,3,1,Person A,475,525,Too low - counteroffer,12/03/2025 16:26:56,,,,,,,
Pair_2gQvZQ,3,2,Person B,311,689,Too low - counteroffer,12/03/2025 16:27:13,,,,,,,
Pair_2gQvZQ,3,3,Person A,517,483,Better offer outside option,12/03/2025 16:27:23,,,,,,,
Pair_2gQvZQ,3,4,Person B,340,660,Too low - counteroffer,12/03/2025 16:27:36,,,,,,,
Pair_2gQvZQ,3,5,Person A,394,606,Accept - offer accepted,12/03/2025 16:27:53,,,,,,,
Pair_EeD8MY,3,1,Person A,500,500,Too low - counteroffer,12/03/2025 18:18:03,,,,,,,
Pair_EeD8MY,3,2,Person B,550,450,Accept - offer accepted,12/03/2025 18:18:27,,,,,,,
Pair_esOVfG,2,1,Person B,300,700,Too low - counteroffer,12/03/2025 21:24:27,,,,,,,
Pair_esOVfG,2,2,Person A,733,267,Too low - counteroffer,12/03/2025 21:24:40,,,,,,,
Pair_esOVfG,2,3,Person B,400,600,Too low - counteroffer,12/03/2025 21:25:04,,,,,,,
Pair_esOVfG,2,4,Person A,500,500,Too low - counteroffer,12/03/2025 21:25:17,,,,,,,
Pair_esOVfG,2,5,Person B,400,600,Not accept,12/03/2025 21:25:37,,,,,,,
Pair_XcWtwe,2,1,Person A,482,518,Accept - offer accepted,12/03/2025 23:07:22,,,2,-1,,,
Pair_J6w6rW,3,1,Person A,500,500,Too low - counteroffer,12/04/2025 17:09:22,,,,,,,
Pair_J6w6rW,3,2,Person B,250,750,Too low - counteroffer,12/04/2025 17:10:12,,,,,,,
Pair_J6w6rW,3,3,Person A,350,650,Accept - offer accepted,12/04/2025 17:12:17,,,,,,,
Pair_gLLvsZ,2,1,Person B,250,750,Accept - offer accepted,12/04/2025 17:09:00,,,,,,,
Pair_Wu8LuX,4,1,Person B,350,650,Accept - offer accepted,12/04/2025 17:11:21,,,,,,,
Pair_TmeCS-,2,1,Person B,250,750,Too low - counteroffer,12/04/2025 17:11:19,,,,,,,
Pair_TmeCS-,2,2,Person A,310,690,Not accept,12/04/2025 17:11:40,,,,,,,
Pair_hiJ1QS,2,1,Person B,0,1000,Too low - counteroffer,12/04/2025 17:15:34,,,,,,,
Pair_hiJ1QS,2,2,Person A,250,750,Accept - offer accepted,12/04/2025 17:15:57,,,,,,,
Pair_ZxgUbw,4,1,Person B,200,800,Too low - counteroffer,12/06/2025 14:24:02,,,,,,,
Pair_ZxgUbw,4,2,Person A,330,670,Better offer outside option,12/06/2025 14:24:34,,,,,,,
Pair_ZxgUbw,4,3,Person B,200,800,Not accept,12/06/2025 14:25:14,,,,,,,
Pair_FhMLtg,3,1,Person B,300,700,Accept - offer accepted,12/08/2025 09:28:49,,,,,,,
Pair_x9pkJL,2,1,Person A,400,600,Too low - counteroffer,12/08/2025 09:30:19,,,1,-1,,,
Pair_x9pkJL,2,2,Person B,800,200,Too low - counteroffer,12/08/2025 09:30:49,,,,,,,
Pair_x9pkJL,2,3,Person A,300,700,Accept - offer accepted,12/08/2025 09:31:26,,,,,,,
Pair_eXp7_U,2,1,Person A,1000,0,Better offer outside option,12/08/2025 09:31:24,,,4,-1,,,
Pair_eXp7_U,2,2,Person B,148,852,Too low - counteroffer,12/08/2025 09:31:50,,,,,,,
Pair_eXp7_U,2,3,Person A,499,501,Better offer outside option,12/08/2025 09:32:10,,,,,,,
Pair_eXp7_U,2,4,Person B,212,788,Too low - counteroffer,12/08/2025 09:32:42,,,,,,,
Pair_eXp7_U,2,5,Person A,492,508,Better offer outside option,12/08/2025 09:32:57,,,,,,,
Pair_eXp7_U,2,6,Person B,300,700,Too low - counteroffer,12/08/2025 09:33:44,,,,,,,
Pair_eXp7_U,2,7,Person A,451,549,Not accept,12/08/2025 09:33:54,,,,,,,
Pair_CbQElH,3,1,Person B,230,770,Too low - counteroffer,12/08/2025 09:32:11,,,,,,,
Pair_CbQElH,3,2,Person A,250,750,Accept - offer accepted,12/08/2025 09:32:30,,,,,,,
Pair_oGsNgW,4,1,Person B,500,500,Accept - offer accepted,12/08/2025 13:23:06,,,,,,,
Pair_HhhofB,3,1,Person A,600,400,Too low - counteroffer,12/08/2025 13:25:51,,,,,,,
Pair_HhhofB,3,2,Person B,500,500,Accept - offer accepted,12/08/2025 13:27:06,,,,,,,
Pair_jDTeJV,1,1,Person B,250,750,Accept - offer accepted,12/08/2025 13:28:50,,,,,,,
Pair_pZfd42,3,1,Person A,500,500,Too low - counteroffer,12/08/2025 15:05:13,,,,,,,
Pair_pZfd42,3,2,Person B,300,700,Too low - counteroffer,12/08/2025 15:06:07,,,,,,,
Pair_pZfd42,3,3,Person A,450,550,Too low - counteroffer,12/08/2025 15:06:29,,,,,,,
Pair_pZfd42,3,4,Person B,315,685,Accept - offer accepted,12/08/2025 15:07:14,,,,,,,
Pair__KW6E4,4,1,Person B,50,950,Too low - counteroffer,12/08/2025 22:29:26,,,,,,,
Pair__KW6E4,4,2,Person A,500,500,Too low - counteroffer,12/08/2025 22:31:08,,,,,,,
Pair__KW6E4,4,3,Person B,150,850,Accept - offer accepted,12/08/2025 22:32:09,,,,,,,
Pair_ih2eMC,4,1,Person A,240,760,Too low - counteroffer,12/08/2025 22:35:57,,,,,,,
Pair_ih2eMC,4,2,Person B,200,800,Better offer outside option,12/08/2025 22:36:44,,,,,,,
Pair_ih2eMC,4,3,Person A,230,770,Too low - counteroffer,12/08/2025 22:37:09,,,,,,,
Pair_ih2eMC,4,4,Person B,210,790,Too low - counteroffer,12/08/2025 22:37:48,,,,,,,
Pair_ih2eMC,4,5,Person A,225,775,Accept - offer accepted,12/08/2025 22:38:23,,,,,,,
Pair_rEa9Eg,1,1,Person B,300,700,Too low - counteroffer,12/09/2025 15:12:23,,,,,,,
Pair_rEa9Eg,1,2,Person A,405,595,Accept - offer accepted,12/09/2025 15:12:55,,,,,,,
Pair_4OE_We,4,1,Person A,300,700,Too low - counteroffer,12/09/2025 15:13:49,,,,,,,
Pair_4OE_We,4,2,Person B,200,800,Not accept,12/09/2025 15:14:02,,,,,,,
Pair_9782z_,1,1,Person A,300,700,Better offer outside option,12/09/2025 15:15:00,,,,,,,
Pair_9782z_,1,2,Person B,250,750,Accept - offer accepted,12/09/2025 15:15:13,,,,,,,
Pair_BDK47K,1,1,Person B,461,539,Too low - counteroffer,12/13/2025 13:26:26,,,,,,,
Pair_BDK47K,1,2,Person A,484,516,Too low - counteroffer,12/13/2025 13:26:37,,,,,,,
Pair_BDK47K,1,3,Person B,585,415,Too low - counteroffer,12/13/2025 13:26:48,,,,,,,
Pair_BDK47K,1,4,Person A,606,394,Too low - counteroffer,12/13/2025 13:26:56,,,,,,,
Pair_BDK47K,1,5,Person B,358,642,Better offer outside option,12/13/2025 13:27:03,,,,,,,
Pair_BDK47K,1,6,Person A,572,428,Too low - counteroffer,12/13/2025 13:27:08,,,,,,,
Pair_BDK47K,1,7,Person B,640,360,Better offer outside option,12/13/2025 13:27:15,,,,,,,
Pair_BDK47K,1,8,Person A,693,307,Too low - counteroffer,12/13/2025 13:27:26,,,,,,,
Pair_BDK47K,1,9,Person B,230,770,Too low - counteroffer,12/13/2025 13:27:37,,,,,,,
Pair_BDK47K,1,10,Person A,546,454,Not accept,12/13/2025 13:27:42,,,,,,,
Pair_wQWDhc,3,1,Person B,201,799,Too low - counteroffer,01/07/2026 18:15:58,,,,,,,
Pair_wQWDhc,3,2,Person A,500,500,Better offer outside option,01/07/2026 18:16:25,,,,,,,
Pair_wQWDhc,3,3,Person B,250,750,Accept - offer accepted,01/07/2026 18:16:44,,,,,,,
Pair_e2K7va,2,1,Person A,800,200,Too low - counteroffer,01/07/2026 20:51:23,,,,,,,
Pair_e2K7va,2,2,Person B,700,300,Accept - offer accepted,01/07/2026 20:53:05,,,,,,,
Pair_VB6kmA,1,1,Person B,386,614,Too low - counteroffer,01/10/2026 13:34:46,,,,,,,
Pair_VB6kmA,1,2,Person A,300,700,Too low - counteroffer,01/10/2026 13:35:05,,,,,,,
Pair_VB6kmA,1,3,Person B,350,650,Accept - offer accepted,01/10/2026 13:35:29,,,,,,,
Pair_OQ6T13,3,1,Person A,300,700,Too low - counteroffer,01/10/2026 13:43:57,,,,,,,
Pair_OQ6T13,3,2,Person B,200,800,Better offer outside option,01/10/2026 13:44:22,,,,,,,
Pair_OQ6T13,3,3,Person A,250,750,Accept - offer accepted,01/10/2026 13:44:34,,,,,,,
Pair_00tUrS,3,1,Person A,500,500,Too low - counteroffer,01/10/2026 13:48:19,,,,,,,
Pair_00tUrS,3,2,Person B,600,400,Too low - counteroffer,01/10/2026 13:50:02,,,,,,,
Pair_00tUrS,3,3,Person A,500,500,Too low - counteroffer,01/10/2026 13:50:16,,,,,,,
Pair_00tUrS,3,4,Person B,250,750,Too low - counteroffer,01/10/2026 13:50:45,,,,,,,
Pair_00tUrS,3,5,Person A,400,600,Too low - counteroffer,01/10/2026 13:51:26,,,,,,,
Pair_00tUrS,3,6,Person B,350,650,Accept - offer accepted,01/10/2026 13:51:48,,,,,,,
Pair_bGIopB,3,1,Person B,200,800,Too low - counteroffer,01/15/2026 19:17:22,,2,-1,,,,
Pair_bGIopB,3,2,Person A,350,650,Too low - counteroffer,01/15/2026 19:17:43,,1,-1,,,,
Pair_bGIopB,3,3,Person B,250,750,Too low - counteroffer,01/15/2026 19:18:06,,,,,,,
Pair_bGIopB,3,4,Person A,300,700,Too low - counteroffer,01/15/2026 19:18:16,,,,,,,
Pair_bGIopB,3,5,Person B,250,750,Accept - offer accepted,01/15/2026 19:18:34,,,,,,,
Pair_BtLh9k,3,1,Person B,180,820,Too low - counteroffer,01/24/2026 10:30:33,,,,,,,
Pair_BtLh9k,3,2,Person A,300,700,Better offer outside option,01/24/2026 10:31:24,,,,,,,
Pair_BtLh9k,3,3,Person B,230,770,Too low - counteroffer,01/24/2026 10:31:55,,,,,,,
Pair_BtLh9k,3,4,Person A,280,720,Accept - offer accepted,01/24/2026 10:32:11,,,,,,,
Pair_Jx2RzG,4,1,Person A,569,431,Better offer outside option,12/03/2025 09:28:32,,,,,,,
Pair_Jx2RzG,4,2,Person B,125,875,Better offer outside option,12/03/2025 09:30:21,,,,,,,
Pair_Jx2RzG,4,3,Person A,300,700,Better offer outside option,12/03/2025 09:30:55,,,,,,,
Pair_Jx2RzG,4,4,Person B,125,875,Accept - offer accepted,12/03/2025 09:31:15,,,,,,,
Pair_q-msAt,4,1,Person A,210,790,Accept - offer accepted,12/03/2025 09:50:23,,,,,,,
,,,,,,,,,,,,,,
,,,,,,,,,,,,,,
Pair_KL4L54,1,1,Person A,482,518,Too low - counteroffer,12/03/2025 18:11:20,,2,-1,,,,
Pair_KL4L54,1,2,Person B,248,752,Too low - counteroffer,12/03/2025 18:11:33,,,,,,,
Pair_KL4L54,1,3,Person A,607,393,Too low - counteroffer,12/03/2025 18:11:38,,,,,,,
Pair_KL4L54,1,4,Person B,346,654,Too low - counteroffer,12/03/2025 18:11:43,,,,,,,
Pair_KL4L54,1,5,Person A,568,432,Too low - counteroffer,12/03/2025 18:11:51,,,,,,,
Pair_KL4L54,1,6,Person B,398,602,Too low - counteroffer,12/03/2025 18:11:57,,,,,,,
Pair_KL4L54,1,7,Person A,568,432,Too low - counteroffer,12/03/2025 18:12:02,,,,,,,
Pair_KL4L54,1,8,Person B,416,584,Accept - offer accepted,12/03/2025 18:12:08,,,,,,,
Pair_UQhnR1,2,1,Person B,200,800,Accept - offer accepted,12/04/2025 15:22:55,,,,,,,
Pair_XikYbm,4,1,Person B,200,800,Better offer outside option,12/04/2025 15:26:32,,,,,,,
Pair_XikYbm,4,2,Person A,400,600,Better offer outside option,12/04/2025 15:27:16,,,,,,,
Pair_XikYbm,4,3,Person B,220,780,Too low - counteroffer,12/04/2025 15:27:35,,,,,,,
Pair_XikYbm,4,4,Person A,200,800,Accept - offer accepted,12/04/2025 15:27:57,,,,,,,
Pair_yqa2-O,3,1,Person A,300,700,Better offer outside option,12/04/2025 17:07:49,,,,,,,
Pair_yqa2-O,3,2,Person B,250,750,Better offer outside option,12/04/2025 17:08:36,,,,,,,
Pair_yqa2-O,3,3,Person A,300,700,Better offer outside option,12/04/2025 17:08:51,,,,,,,
Pair_yqa2-O,3,4,Person B,250,750,Too low - counteroffer,12/04/2025 17:09:32,,,,,,,
Pair_yqa2-O,3,5,Person A,300,700,Too low - counteroffer,12/04/2025 17:09:58,,,,,,,
Pair_yqa2-O,3,6,Person B,250,750,Better offer outside option,12/04/2025 17:10:23,,,,,,,
Pair_yqa2-O,3,7,Person A,400,600,Too low - counteroffer,12/04/2025 17:10:56,,,,,,,
Pair_yqa2-O,3,8,Person B,251,749,Too low - counteroffer,12/04/2025 17:11:15,,,,,,,
Pair_yqa2-O,3,9,Person A,400,600,Too low - counteroffer,12/04/2025 17:11:19,,,,,,,
Pair_yqa2-O,3,10,Person B,250,750,Too low - counteroffer,12/04/2025 17:11:31,,,,,,,
Pair_CrHgSy,1,1,Person B,300,700,Accept - offer accepted,12/04/2025 17:08:31,,,,,,,
Pair_JnHeFA,4,1,Person B,200,800,Too low - counteroffer,12/04/2025 17:12:09,,,2,-1,,,
Pair_JnHeFA,4,2,Person A,300,700,Too low - counteroffer,12/04/2025 17:12:54,,,,,,,
Pair_JnHeFA,4,3,Person B,220,780,Too low - counteroffer,12/04/2025 17:13:13,,,,,,,
Pair_JnHeFA,4,4,Person A,300,700,Too low - counteroffer,12/04/2025 17:13:32,,,,,,,
Pair_JnHeFA,4,5,Person B,210,790,Too low - counteroffer,12/04/2025 17:13:45,,,,,,,
Pair_JnHeFA,4,6,Person A,320,680,Not accept,12/04/2025 17:14:04,,,,,,,
Pair_auPqJM,1,1,Person A,750,250,Accept - offer accepted,12/04/2025 17:13:20,,,,,,,
Pair_fO10NO,1,1,Person A,500,500,Too low - counteroffer,12/04/2025 17:15:46,,,,,,,
Pair_fO10NO,1,2,Person B,250,750,Too low - counteroffer,12/04/2025 17:16:17,,,,,,,
Pair_fO10NO,1,3,Person A,400,600,Too low - counteroffer,12/04/2025 17:16:27,,,,,,,
Pair_fO10NO,1,4,Person B,275,725,Too low - counteroffer,12/04/2025 17:16:45,,,,,,,
Pair_fO10NO,1,5,Person A,370,630,Too low - counteroffer,12/04/2025 17:17:02,,,,,,,
Pair_fO10NO,1,6,Person B,280,720,Accept - offer accepted,12/04/2025 17:17:17,,,,,,,
Pair_E7xHcF,2,1,Person B,200,800,Too low - counteroffer,12/08/2025 09:29:13,,,,,,,
Pair_E7xHcF,2,2,Person A,250,750,Accept - offer accepted,12/08/2025 09:30:05,,,,,,,
Pair_la4X03,2,1,Person B,300,700,Accept - offer accepted,12/08/2025 09:29:26,,,,,,,
Pair_Jt4-bM,2,1,Person B,333,667,Not accept,12/08/2025 13:26:15,,,,,,,
Pair_eS5_PN,1,1,Person A,300,700,Accept - offer accepted,12/08/2025 15:07:36,,,,3,-1,,
Pair_m6FGLs,3,1,Person A,400,600,Too low - counteroffer,12/08/2025 22:05:44,,,,4,-1,,
Pair_m6FGLs,3,2,Person B,350,650,Accept - offer accepted,12/08/2025 22:07:26,,,,3,-1,,
Pair_JMjB6M,2,1,Person A,300,700,Too low - counteroffer,12/09/2025 15:13:54,,,,,,,
Pair_JMjB6M,2,2,Person B,250,750,Too low - counteroffer,12/09/2025 15:14:36,,,,,,,
Pair_JMjB6M,2,3,Person A,300,700,Not accept,12/09/2025 15:15:00,,,,,,,
Pair_zD9QGl,3,1,Person B,900,100,Too low - counteroffer,12/18/2025 02:17:12,,,,,,,
Pair_zD9QGl,3,2,Person A,250,750,Too low - counteroffer,12/18/2025 02:18:11,,,,,,,
Pair_zD9QGl,3,3,Person B,900,100,Too low - counteroffer,12/18/2025 02:18:25,,,,,,,
Pair_zD9QGl,3,4,Person A,250,750,Too low - counteroffer,12/18/2025 02:18:34,,,,,,,
Pair_zD9QGl,3,5,Person B,800,200,Too low - counteroffer,12/18/2025 02:18:58,,,,,,,
Pair_zD9QGl,3,6,Person A,250,750,Better offer outside option,12/18/2025 02:19:16,,,,,,,
Pair_zD9QGl,3,7,Person B,800,200,Too low - counteroffer,12/18/2025 02:19:29,,,,,,,
Pair_zD9QGl,3,8,Person A,250,750,Accept - offer accepted,12/18/2025 02:19:37,,,,,,,
Pair_XpypED,1,1,Person B,250,750,Too low - counteroffer,12/27/2025 17:50:36,,,,,,,
Pair_XpypED,1,2,Person A,300,700,Too low - counteroffer,12/27/2025 17:50:58,,,,,,,
Pair_XpypED,1,3,Person B,255,745,Too low - counteroffer,12/27/2025 17:51:12,,,,,,,
Pair_XpypED,1,4,Person A,295,705,Better offer outside option,12/27/2025 17:51:25,,,,,,,
Pair_XpypED,1,5,Person B,256,744,Too low - counteroffer,12/27/2025 17:51:38,,,,,,,
Pair_XpypED,1,6,Person A,294,706,Too low - counteroffer,12/27/2025 17:51:49,,,,,,,
Pair_XpypED,1,7,Person B,260,740,Too low - counteroffer,12/27/2025 17:52:13,,,,,,,
Pair_XpypED,1,8,Person A,280,720,Too low - counteroffer,12/27/2025 17:52:25,,,,,,,
Pair_XpypED,1,9,Person B,270,730,Too low - counteroffer,12/27/2025 17:53:07,,,,,,,
Pair_XpypED,1,10,Person A,275,725,Accept - offer accepted,12/27/2025 17:53:18,,,,,,,
Pair_31eM6b,3,1,Person A,500,500,Accept - offer accepted,01/07/2026 20:50:12,,,,,,,
Pair_GDvjrI,1,1,Person B,250,750,Too low - counteroffer,01/10/2026 13:03:22,,,,,,,
Pair_GDvjrI,1,2,Person A,300,700,Too low - counteroffer,01/10/2026 13:04:02,,,,,,,
Pair_GDvjrI,1,3,Person B,200,800,Too low - counteroffer,01/10/2026 13:04:23,,,,,,,
Pair_GDvjrI,1,4,Person A,300,700,Too low - counteroffer,01/10/2026 13:04:48,,,,,,,
Pair_GDvjrI,1,5,Person B,220,780,Too low - counteroffer,01/10/2026 13:05:22,,,,,,,
Pair_GDvjrI,1,6,Person A,275,725,Accept - offer accepted,01/10/2026 13:06:10,,,,,,,
Pair_dhi7g7,2,1,Person B,150,850,Too low - counteroffer,01/10/2026 13:39:38,,,,,,,
Pair_dhi7g7,2,2,Person A,200,800,Better offer outside option,01/10/2026 13:39:54,,,,,,,
Pair_dhi7g7,2,3,Person B,170,830,Accept - offer accepted,01/10/2026 13:40:11,,,,,,,
Pair_kbZdPV,4,1,Person A,300,700,Accept - offer accepted,01/14/2026 10:18:30,,4,-1,,,,
Pair_wdyIfU,4,1,Person B,150,850,Too low - counteroffer,01/14/2026 10:58:29,,,,,,,
Pair_wdyIfU,4,2,Person A,800,200,Not accept,01/14/2026 10:58:54,,,,,,,
Pair_YiO8aG,2,1,Person A,550,450,Too low - counteroffer,01/14/2026 11:10:25,,,,,,,
Pair_YiO8aG,2,2,Person B,200,800,Too low - counteroffer,01/14/2026 11:10:39,,,,,,,
Pair_YiO8aG,2,3,Person A,400,600,Too low - counteroffer,01/14/2026 11:11:03,,,,,,,
Pair_YiO8aG,2,4,Person B,250,750,Too low - counteroffer,01/14/2026 11:11:44,,,,,,,
Pair_YiO8aG,2,5,Person A,350,650,Too low - counteroffer,01/14/2026 11:12:08,,,,,,,
Pair_YiO8aG,2,6,Person B,300,700,Accept - offer accepted,01/14/2026 11:12:31,,,,,,,
Pair_rsa2a9,3,1,Person A,400,600,Too low - counteroffer,01/15/2026 19:13:19,,,,,,,
Pair_rsa2a9,3,2,Person B,270,730,Too low - counteroffer,01/15/2026 19:14:08,,,,,,,
Pair_rsa2a9,3,3,Person A,300,700,Accept - offer accepted,01/15/2026 19:14:36,,,,,,,
Pair_HUNztV,4,1,Person A,350,650,Too low - counteroffer,01/15/2026 19:15:27,,,,,,,
Pair_HUNztV,4,2,Person B,150,850,Too low - counteroffer,01/15/2026 19:15:51,,,,,,,
Pair_HUNztV,4,3,Person A,200,800,Accept - offer accepted,01/15/2026 19:16:10,,,,,,,
Pair_vAPcap,1,1,Person A,200,800,Accept - offer accepted,02/09/2026 15:19:36,,,,,,,
Pair_w9gcPC,5,1,Person A,800,200,Accept - offer accepted,02/09/2026 15:19:56,,,,,,,
Pair_j7k9oA,6,1,Person B,500,500,Too low - counteroffer,02/10/2026 11:08:14,,,,,,,
Pair_j7k9oA,6,2,Person A,699,301,Too low - counteroffer,02/10/2026 11:08:14,,,,,,,
Pair_j7k9oA,6,3,Person B,500,500,Accept - offer accepted,02/10/2026 11:08:14,,,,,,,
Pair_U3Grsx,1,1,Person B,220,780,Too low - counteroffer,02/10/2026 11:08:17,,,,,,,
Pair_U3Grsx,1,2,Person A,400,600,Too low - counteroffer,02/10/2026 11:08:17,,,,,,,
Pair_U3Grsx,1,3,Person B,290,710,Too low - counteroffer,02/10/2026 11:08:17,,,,,,,
Pair_U3Grsx,1,4,Person A,391,609,Too low - counteroffer,02/10/2026 11:08:17,,,,,,,
Pair_U3Grsx,1,5,Person B,291,709,Too low - counteroffer,02/10/2026 11:08:17,,,,,,,
Pair_U3Grsx,1,6,Person A,350,650,Too low - counteroffer,02/10/2026 11:08:17,,,,,,,
Pair_U3Grsx,1,7,Person B,293,707,Too low - counteroffer,02/10/2026 11:08:17,,,,,,,
Pair_U3Grsx,1,8,Person A,330,670,Too low - counteroffer,02/10/2026 11:08:17,,,,,,,
Pair_U3Grsx,1,9,Person B,296,704,Too low - counteroffer,02/10/2026 11:08:17,,,,,,,
Pair_U3Grsx,1,10,Person A,315,685,Not accept,02/10/2026 11:08:17,,,,,,,
Pair_AyXor7,6,1,Person B,950,50,Accept - offer accepted,02/10/2026 11:08:21,,,,,,,
Pair_zAdi9d,7,1,Person A,300,700,Too low - counteroffer,02/10/2026 11:08:22,,,,,,,
Pair_zAdi9d,7,2,Person B,750,250,Too low - counteroffer,02/10/2026 11:08:22,,,,,,,
Pair_zAdi9d,7,3,Person A,275,725,Accept - offer accepted,02/10/2026 11:08:22,,,,,,,
Pair_nbX3N6,4,1,Person A,249,751,Accept - offer accepted,02/10/2026 11:08:22,,,,,,,
Pair_NmK_Lk,5,1,Person A,750.01,249.99,Too low - counteroffer,02/10/2026 11:08:23,,,,,,,
Pair_NmK_Lk,5,2,Person B,751,249,Accept - offer accepted,02/10/2026 11:08:23,,,,,,,
Pair_9Io8rc,2,1,Person B,250,750,Too low - counteroffer,02/10/2026 11:08:26,,,,,,,
Pair_9Io8rc,2,2,Person A,400,600,Too low - counteroffer,02/10/2026 11:08:26,,,,,,,
Pair_9Io8rc,2,3,Person B,260,740,Too low - counteroffer,02/10/2026 11:08:26,,,,,,,
Pair_9Io8rc,2,4,Person A,300,700,Too low - counteroffer,02/10/2026 11:08:26,,,,,,,
Pair_9Io8rc,2,5,Person B,276,724,Accept - offer accepted,02/10/2026 11:08:26,,,,,,,
Pair_nfl8tK,4,1,Person A,500,500,Too low - counteroffer,02/10/2026 11:08:26,,,,,,,
Pair_nfl8tK,4,2,Person B,780,220,Too low - counteroffer,02/10/2026 11:08:26,,,,,,,
Pair_nfl8tK,4,3,Person A,400,600,Too low - counteroffer,02/10/2026 11:08:26,,,,,,,
Pair_nfl8tK,4,4,Person B,760,240,Too low - counteroffer,02/10/2026 11:08:26,,,,,,,
Pair_nfl8tK,4,5,Person A,390,610,Too low - counteroffer,02/10/2026 11:08:26,,,,,,,
Pair_nfl8tK,4,6,Person B,755,245,Accept - offer accepted,02/10/2026 11:08:26,,,,,,,
Pair_qxoNfz,7,1,Person A,950,50,Accept - offer accepted,02/10/2026 11:08:27,,,,,,,
Pair_RxFGl1,5,1,Person B,750,250,Accept - offer accepted,02/10/2026 11:08:29,,,,,,,
Pair_kkLVgH,1,1,Person A,330,670,Accept - offer accepted,02/10/2026 11:08:30,,,,,,,
Pair_uIFONI,3,1,Person A,300,700,Accept - offer accepted,02/10/2026 11:08:30,,,,,,,
Pair_93rFlW,3,1,Person B,300,700,Too low - counteroffer,02/10/2026 11:08:33,,,,,,,
Pair_93rFlW,3,2,Person A,473,527,Too low - counteroffer,02/10/2026 11:08:33,,,,,,,
Pair_93rFlW,3,3,Person B,270,730,Too low - counteroffer,02/10/2026 11:08:33,,,,,,,
Pair_93rFlW,3,4,Person A,410,590,Too low - counteroffer,02/10/2026 11:08:33,,,,,,,
Pair_93rFlW,3,5,Person B,250,750,Too low - counteroffer,02/10/2026 11:08:33,,,,,,,
Pair_93rFlW,3,6,Person A,350,650,Too low - counteroffer,02/10/2026 11:08:33,,,,,,,
Pair_93rFlW,3,7,Person B,240,760,Too low - counteroffer,02/10/2026 11:08:33,,,,,,,
Pair_93rFlW,3,8,Person A,326,674,Too low - counteroffer,02/10/2026 11:08:33,,,,,,,
Pair_93rFlW,3,9,Person B,280,720,Too low - counteroffer,02/10/2026 11:08:33,,,,,,,
Pair_93rFlW,3,10,Person A,300,700,Accept - offer accepted,02/10/2026 11:08:33,,,,,,,
Pair_SDQIZf,1,1,Person B,221,779,Too low - counteroffer,02/10/2026 11:08:38,,,,,,,
Pair_SDQIZf,1,2,Person A,370,630,Too low - counteroffer,02/10/2026 11:08:38,,,,,,,
Pair_SDQIZf,1,3,Person B,221,779,Too low - counteroffer,02/10/2026 11:08:38,,,,,,,
Pair_SDQIZf,1,4,Person A,365,635,Too low - counteroffer,02/10/2026 11:08:38,,,,,,,
Pair_SDQIZf,1,5,Person B,222,778,Too low - counteroffer,02/10/2026 11:08:38,,,,,,,
Pair_SDQIZf,1,6,Person A,360,640,Better offer outside option,02/10/2026 11:08:38,,,,,,,
Pair_SDQIZf,1,7,Person B,223,777,Not accept,02/10/2026 11:08:38,,,6,-1,,,
Pair_MVR71D,2,1,Person B,100,900,Too low - counteroffer,02/10/2026 11:08:39,,,,,,,
Pair_MVR71D,2,2,Person A,300,700,Too low - counteroffer,02/10/2026 11:08:39,1,,,,,,
Pair_MVR71D,2,3,Person B,200,800,Too low - counteroffer,02/10/2026 11:08:39,,,,,,,
Pair_MVR71D,2,4,Person A,280,720,Too low - counteroffer,02/10/2026 11:08:39,,,,,,,
Pair_MVR71D,2,5,Person B,250,750,Too low - counteroffer,02/10/2026 11:08:39,,,,,,,
Pair_MVR71D,2,6,Person A,260,740,Accept - offer accepted,02/10/2026 11:08:39,,,,,,,
Pair_mlNoZy,4,1,Person A,300,700,Too low - counteroffer,02/10/2026 11:08:40,,,,,,,
Pair_mlNoZy,4,2,Person B,200,800,Too low - counteroffer,02/10/2026 11:08:40,,,,,,,
Pair_mlNoZy,4,3,Person A,325,675,Too low - counteroffer,02/10/2026 11:08:40,,,,,,,
Pair_mlNoZy,4,4,Person B,230,770,Too low - counteroffer,02/10/2026 11:08:40,,,,,,,
Pair_mlNoZy,4,5,Person A,270,730,Better offer outside option,02/10/2026 11:08:40,,,,,,,
Pair_mlNoZy,4,6,Person B,240,760,Too low - counteroffer,02/10/2026 11:08:40,,,,,,,
Pair_mlNoZy,4,7,Person A,260,740,Not accept,02/10/2026 11:08:40,,,,,,,
Pair_CPDQHn,5,1,Person B,265,735,Too low - counteroffer,02/10/2026 11:08:45,,,,,,,
Pair_CPDQHn,5,2,Person A,600,400,Not accept,02/10/2026 11:08:45,,,,,,,
Pair_4xjd21,3,1,Person B,250,750,Too low - counteroffer,02/10/2026 11:08:46,,,,,,,
Pair_4xjd21,3,2,Person A,350,650,Too low - counteroffer,02/10/2026 11:08:46,,,,,,,
Pair_4xjd21,3,3,Person B,223,777,Too low - counteroffer,02/10/2026 11:08:46,,,,,,,
Pair_4xjd21,3,4,Person A,300,700,Accept - offer accepted,02/10/2026 11:08:46,,,,,,,
Pair_Uk8Qeb,2,1,Person B,700,300,Accept - offer accepted,02/10/2026 11:08:54,,,,,,,
Pair_b2-UIV,6,1,Person A,300,700,Too low - counteroffer,02/10/2026 11:09:00,,,,,,,
Pair_b2-UIV,6,2,Person B,240,760,Better offer outside option,02/10/2026 11:09:00,,,,,,,
Pair_b2-UIV,6,3,Person A,300,700,Too low - counteroffer,02/10/2026 11:09:00,,,,,,,
Pair_b2-UIV,6,4,Person B,230,770,Too low - counteroffer,02/10/2026 11:09:00,,,,,,,
Pair_b2-UIV,6,5,Person A,300,700,Not accept,02/10/2026 11:09:00,,,,,,,
Pair_NdtCPP,4,1,Person A,350,650,Too low - counteroffer,02/10/2026 11:09:08,,,,,,,
Pair_NdtCPP,4,2,Person B,200,800,Too low - counteroffer,02/10/2026 11:09:08,,,,,,,
Pair_NdtCPP,4,3,Person A,325,675,Too low - counteroffer,02/10/2026 11:09:08,,,,,,,
Pair_NdtCPP,4,4,Person B,205,795,Too low - counteroffer,02/10/2026 11:09:08,,,,,,,
Pair_NdtCPP,4,5,Person A,300,700,Too low - counteroffer,02/10/2026 11:09:08,,,,,,,
Pair_NdtCPP,4,6,Person B,210,790,Too low - counteroffer,02/10/2026 11:09:08,,,,,,,
Pair_NdtCPP,4,7,Person A,280,720,Not accept,02/10/2026 11:09:08,,,,,,,
Pair_YNAolX,5,1,Person A,399,601,Not accept,02/10/2026 11:09:09,,,,,,,
Pair_XFN816,2,1,Person A,700,300,Too low - counteroffer,02/10/2026 11:09:29,,,,,,,
Pair_XFN816,2,2,Person B,150,850,Too low - counteroffer,02/10/2026 11:09:29,,,,3,-1,,
Pair_XFN816,2,3,Person A,400,600,Too low - counteroffer,02/10/2026 11:09:29,,,,,,,
Pair_XFN816,2,4,Person B,200,800,Too low - counteroffer,02/10/2026 11:09:29,,,,,,,
Pair_XFN816,2,5,Person A,370,630,Too low - counteroffer,02/10/2026 11:09:29,,,,,,,
Pair_XFN816,2,6,Person B,210,790,Too low - counteroffer,02/10/2026 11:09:29,,,,,,,
Pair_XFN816,2,7,Person A,350,650,Not accept,02/10/2026 11:09:29,,,,,,,
Pair_zDmvdq,7,1,Person B,300,700,Too low - counteroffer,02/10/2026 11:09:35,,,,,,,
Pair_zDmvdq,7,2,Person A,32,968,Not accept,02/10/2026 11:09:35,,,,,,,
Pair_jV1aSN,5,1,Person B,310,690,Accept - offer accepted,02/10/2026 11:09:40,,,,,,,
Pair_IRUacN,1,1,Person A,250,750,Accept - offer accepted,02/10/2026 11:09:46,,,,,,,
Pair_EmKdCy,6,1,Person A,500,500,Too low - counteroffer,02/10/2026 11:09:57,,,,,,,
Pair_EmKdCy,6,2,Person B,900,100,Too low - counteroffer,02/10/2026 11:09:57,,,,,,,
Pair_EmKdCy,6,3,Person A,500,500,Too low - counteroffer,02/10/2026 11:09:57,,,,,,,
Pair_EmKdCy,6,4,Person B,899,101,Too low - counteroffer,02/10/2026 11:09:57,,,,,,,
Pair_EmKdCy,6,5,Person A,500,500,Too low - counteroffer,02/10/2026 11:09:57,,,,,,,
Pair_EmKdCy,6,6,Person B,898,102,Not accept,02/10/2026 11:09:57,,,,,,,
Pair_e5TEGe,2,1,Person B,150,850,Too low - counteroffer,02/10/2026 11:10:02,,,,,,,
Pair_e5TEGe,2,2,Person A,500,500,Too low - counteroffer,02/10/2026 11:10:02,,,,,,,
Pair_e5TEGe,2,3,Person B,170,830,Too low - counteroffer,02/10/2026 11:10:02,,,,,,,
Pair_e5TEGe,2,4,Person A,450,550,Too low - counteroffer,02/10/2026 11:10:02,,,,,,,
Pair_e5TEGe,2,5,Person B,175,825,Too low - counteroffer,02/10/2026 11:10:02,,,,,,,
Pair_e5TEGe,2,6,Person A,430,570,Too low - counteroffer,02/10/2026 11:10:02,,,,,,,
Pair_e5TEGe,2,7,Person B,177,823,Better offer outside option,02/10/2026 11:10:02,,,,,,,
Pair_e5TEGe,2,8,Person A,420,580,Not accept,02/10/2026 11:10:02,,,,,,,
Pair_IzzK9S,3,1,Person A,1000,0,Not accept,02/10/2026 11:10:08,,,,,,,
Pair_XlFfIi,5,1,Person B,264,736,Accept - offer accepted,02/10/2026 11:10:23,,,,,,,
Pair_3UCfVI,1,1,Person B,200,800,Too low - counteroffer,02/10/2026 11:10:35,,,,,,,
Pair_3UCfVI,1,2,Person A,1000,0,Too low - counteroffer,02/10/2026 11:10:35,,,,,,,
Pair_3UCfVI,1,3,Person B,220,780,Too low - counteroffer,02/10/2026 11:10:35,,,,,,,
Pair_3UCfVI,1,4,Person A,1000,0,Not accept,02/10/2026 11:10:35,,,,,,,
Pair_q0ChYz,4,1,Person B,220,780,Better offer outside option,02/10/2026 11:10:38,,,,,,,
Pair_q0ChYz,4,2,Person A,260,740,Better offer outside option,02/10/2026 11:10:38,,,,,,,
Pair_q0ChYz,4,3,Person B,240,760,Accept - offer accepted,02/10/2026 11:10:38,,,,,,,
Pair_jGURc4,7,1,Person A,1000,0,Too low - counteroffer,02/10/2026 11:10:51,,,,,,,
Pair_jGURc4,7,2,Person B,600,400,Not accept,02/10/2026 11:10:51,,,,,,,
Pair_ciQTBI,7,1,Person B,500,500,Too low - counteroffer,02/10/2026 11:11:09,,,,,,,
Pair_ciQTBI,7,2,Person A,498,502,Accept - offer accepted,02/10/2026 11:11:09,,,,,,,
Pair_2jwpQx,5,1,Person A,400,600,Too low - counteroffer,02/10/2026 11:11:18,,,,,,,
Pair_2jwpQx,5,2,Person B,256,744,Too low - counteroffer,02/10/2026 11:11:18,,,,,,,
Pair_2jwpQx,5,3,Person A,350,650,Too low - counteroffer,02/10/2026 11:11:18,,,,,,,
Pair_2jwpQx,5,4,Person B,273,727,Too low - counteroffer,02/10/2026 11:11:18,,,,,,,
Pair_2jwpQx,5,5,Person A,325,675,Too low - counteroffer,02/10/2026 11:11:18,,,,,,,
Pair_2jwpQx,5,6,Person B,281,719,Too low - counteroffer,02/10/2026 11:11:18,,,,,,,
Pair_2jwpQx,5,7,Person A,300,700,Accept - offer accepted,02/10/2026 11:11:18,,,,,,,
Pair_XLu9CE,7,1,Person A,990,10,Better offer outside option,02/10/2026 11:11:36,,,,,,,
Pair_XLu9CE,7,2,Person B,333,667,Not accept,02/10/2026 11:11:36,,,,,,,
Pair_JcFR4J,1,1,Person B,750,250,Too low - counteroffer,02/10/2026 11:11:39,,,,,,,
Pair_JcFR4J,1,2,Person A,1000,0,Not accept,02/10/2026 11:11:39,,,,,,,
Pair_NBjvIY,7,1,Person A,323,677,Better offer outside option,02/10/2026 11:11:47,,,,,,,
Pair_NBjvIY,7,2,Person B,302,698,Accept - offer accepted,02/10/2026 11:11:47,,,,,,,
Pair_qO2Ico,4,1,Person A,249,751,Better offer outside option,02/10/2026 11:12:26,,,,,,,
Pair_qO2Ico,4,2,Person B,0,1000,Not accept,02/10/2026 11:12:26,,,,,,,
Pair_3sHnUv,6,1,Person A,669,331,Too low - counteroffer,02/10/2026 11:12:56,,,,,,,
Pair_3sHnUv,6,2,Person B,672,328,Accept - offer accepted,02/10/2026 11:12:56,,,,,,,
Pair_YBcO6a,1,1,Person A,400,600,Accept - offer accepted,02/10/2026 11:13:14,,,,,,,
Pair_Ju8jPb,7,1,Person B,985,15,Accept - offer accepted,02/10/2026 11:13:27,,,,,,,
Pair_9uQ7Jz,4,1,Person A,280,720,Too low - counteroffer,02/10/2026 11:13:39,,,,,,,
Pair_9uQ7Jz,4,2,Person B,270,730,Accept - offer accepted,02/10/2026 11:13:39,,,,,,,
Pair_jyhT9V,1,1,Person B,900,100,Too low - counteroffer,02/10/2026 11:13:50,,,,,,,
Pair_jyhT9V,1,2,Person A,750,250,Accept - offer accepted,02/10/2026 11:13:50,,,,,,,
Pair_BcMoo7,1,1,Person B,700,300,Accept - offer accepted,02/10/2026 11:14:24,,,,,,,
Pair_i9nCml,5,1,Person A,250,750,Accept - offer accepted,02/10/2026 11:14:50,,,,,,,
Pair_DvFFr0,1,1,Person A,266,734,Too low - counteroffer,02/10/2026 11:15:00,,,,,,,
Pair_DvFFr0,1,2,Person B,899,101,Too low - counteroffer,02/10/2026 11:15:00,,,,,,,
Pair_DvFFr0,1,3,Person A,266,734,Too low - counteroffer,02/10/2026 11:15:00,,,,,,,
Pair_DvFFr0,1,4,Person B,839,161,Too low - counteroffer,02/10/2026 11:15:00,,,,,,,
Pair_DvFFr0,1,5,Person A,266,734,Too low - counteroffer,02/10/2026 11:15:00,,,,,,,
Pair_DvFFr0,1,6,Person B,809,191,Too low - counteroffer,02/10/2026 11:15:00,,,,,,,
Pair_DvFFr0,1,7,Person A,266,734,Better offer outside option,02/10/2026 11:15:00,,,,,,,
Pair_DvFFr0,1,8,Person B,291,709,Accept - offer accepted,02/10/2026 11:15:00,,,,,,,
Pair_NA_HDO,7,1,Person B,250,750,Too low - counteroffer,02/10/2026 11:15:07,,,,,,,
Pair_NA_HDO,7,2,Person A,800,200,Accept - offer accepted,02/10/2026 11:15:07,,,,,,,
Pair_hFoMtd,4,1,Person A,497,503,Better offer outside option,02/10/2026 11:15:16,,,,,,,
Pair_hFoMtd,4,2,Person B,270,730,Better offer outside option,02/10/2026 11:15:16,,,,,,,
Pair_hFoMtd,4,3,Person A,464,536,Not accept,02/10/2026 11:15:16,,,,,,,
Pair_ahKyw2,1,1,Person B,250,750,Accept - offer accepted,02/10/2026 11:15:42,,,,,,,
Pair_8HPDBZ,1,1,Person B,250,750,Better offer outside option,02/10/2026 11:16:25,,,1,-1,,,
Pair_8HPDBZ,1,2,Person A,260,740,Not accept,02/10/2026 11:16:25,,,2,-1,,,
Pair_D7R3wx,7,1,Person B,201,799,Too low - counteroffer,02/10/2026 11:16:41,,,,,,,
Pair_D7R3wx,7,2,Person A,800,200,Accept - offer accepted,02/10/2026 11:16:41,,,,,,,
Pair_oLTzN3,1,1,Person A,850,150,Too low - counteroffer,02/10/2026 11:17:46,,,,,,,
Pair_oLTzN3,1,2,Person B,250,750,Not accept,02/10/2026 11:17:46,,,,,,,
Pair_YoKoCs,1,1,Person B,699,301,Too low - counteroffer,02/10/2026 11:17:58,,,,,,,
Pair_YoKoCs,1,2,Person A,350,650,Not accept,02/10/2026 11:17:58,,,,,,,
Pair_airveo,5,1,Person A,398,602,Not accept,02/10/2026 11:18:18,,,,,,,
Pair_jo5UKa,1,1,Person B,999,1,Too low - counteroffer,02/10/2026 11:18:38,,,,,,,
Pair_jo5UKa,1,2,Person A,300,700,Too low - counteroffer,02/10/2026 11:18:38,,,,,,,
Pair_jo5UKa,1,3,Person B,888,112,Too low - counteroffer,02/10/2026 11:18:38,,,,,,,
Pair_jo5UKa,1,4,Person A,300,700,Too low - counteroffer,02/10/2026 11:18:38,,,,,,,
Pair_jo5UKa,1,5,Person B,878,122,Too low - counteroffer,02/10/2026 11:18:38,,,,,,,
Pair_jo5UKa,1,6,Person A,300,700,Too low - counteroffer,02/10/2026 11:18:38,,,,,,,
Pair_jo5UKa,1,7,Person B,828,172,Accept - offer accepted,02/10/2026 11:18:38,,,,,,,
Pair_iC5YRd,5,1,Person A,699,301,Accept - offer accepted,02/10/2026 11:18:47,,,,,,,
Pair_fleaEQ,4,1,Person B,850,150,Better offer outside option,02/10/2026 11:20:07,,,,,,,
Pair_fleaEQ,4,2,Person A,270,730,Too low - counteroffer,02/10/2026 11:20:07,,,,,,,
Pair_fleaEQ,4,3,Person B,800,200,Better offer outside option,02/10/2026 11:20:07,,,,,,,
Pair_fleaEQ,4,4,Person A,260,740,Too low - counteroffer,02/10/2026 11:20:07,,,,,,,
Pair_fleaEQ,4,5,Person B,780,220,Better offer outside option,02/10/2026 11:20:07,,,,,,,
Pair_fleaEQ,4,6,Person A,240,760,Too low - counteroffer,02/10/2026 11:20:07,,,,,,,
Pair_fleaEQ,4,7,Person B,230,770,Accept - offer accepted,02/10/2026 11:20:07,,,,,,,
Pair_FWK5Yq,3,1,Person A,450,550,Too low - counteroffer,02/10/2026 11:21:07,,,,,,,
Pair_FWK5Yq,3,2,Person B,700,300,Too low - counteroffer,02/10/2026 11:21:07,,,,,,,
Pair_FWK5Yq,3,3,Person A,380,620,Too low - counteroffer,02/10/2026 11:21:07,,,,,,,
Pair_FWK5Yq,3,4,Person B,700,300,Too low - counteroffer,02/10/2026 11:21:07,,,,,,,
Pair_FWK5Yq,3,5,Person A,350,650,Too low - counteroffer,02/10/2026 11:21:07,,,,,,,
Pair_FWK5Yq,3,6,Person B,700,300,Too low - counteroffer,02/10/2026 11:21:07,,,,,,,
Pair_FWK5Yq,3,7,Person A,350,650,Too low - counteroffer,02/10/2026 11:21:07,,,,,,,
Pair_FWK5Yq,3,8,Person B,300,700,Better offer outside option,02/10/2026 11:21:07,,,,,,,
Pair_FWK5Yq,3,9,Person A,340,660,Accept - offer accepted,02/10/2026 11:21:07,,,,,,,
Pair_p-FrCs,4,1,Person B,270,730,Accept - offer accepted,02/10/2026 11:22:13,,,,,,,
Pair_GFbmQ_,7,1,Person B,250,750,Too low - counteroffer,02/10/2026 11:23:00,,,,,,,
Pair_GFbmQ_,7,2,Person A,898,102,Better offer outside option,02/10/2026 11:23:00,,,,,,,
Pair_GFbmQ_,7,3,Person B,280,720,Too low - counteroffer,02/10/2026 11:23:00,,,,,,,
Pair_GFbmQ_,7,4,Person A,800,200,Too low - counteroffer,02/10/2026 11:23:00,,,,,,,
Pair_GFbmQ_,7,5,Person B,300,700,Not accept,02/10/2026 11:23:00,,,,,,,
Pair_c7PyyJ,6,1,Person A,700,300,Too low - counteroffer,02/10/2026 11:23:04,,,,,,,
Pair_c7PyyJ,6,2,Person B,250,750,Too low - counteroffer,02/10/2026 11:23:04,,,,,,,
Pair_c7PyyJ,6,3,Person A,800,200,Accept - offer accepted,02/10/2026 11:23:04,,,,,,,
Pair_0EauNp,7,1,Person A,600,400,Accept - offer accepted,02/10/2026 11:23:20,,,,,,,
Pair_DX1PKn,6,1,Person A,597,403,Too low - counteroffer,02/10/2026 12:12:50,,,,,,,
Pair_DX1PKn,6,2,Person B,303,697,Too low - counteroffer,02/10/2026 12:12:50,,,,,,,
Pair_DX1PKn,6,3,Person A,530,470,Too low - counteroffer,02/10/2026 12:12:50,,,,,,,
Pair_DX1PKn,6,4,Person B,500,500,Accept - offer accepted,02/10/2026 12:12:50,,,,,,,
Pair_vA9XDM,6,1,Person A,554,446,Too low - counteroffer,02/10/2026 12:17:54,,,,,,,
Pair_vA9XDM,6,2,Person B,398,602,Better offer outside option,02/10/2026 12:17:54,,,,,,,
Pair_vA9XDM,6,3,Person A,500,500,Too low - counteroffer,02/10/2026 12:17:54,,,,,,,
Pair_vA9XDM,6,4,Person B,450,550,Better offer outside option,02/10/2026 12:17:54,,,,,,,
Pair_vA9XDM,6,5,Person A,500,500,Accept - offer accepted,02/10/2026 12:17:54,,,,,,,
Pair_VtpGi0,5,1,Person A,400,600,Too low - counteroffer,02/10/2026 12:19:25,,,,,,,
Pair_VtpGi0,5,2,Person B,300,700,Accept - offer accepted,02/10/2026 12:19:25,,,,,,,
Pair_XYKBOK,7,1,Person A,1000,0,Too low - counteroffer,02/10/2026 12:21:08,,,,,,,
Pair_XYKBOK,7,2,Person B,403,597,Better offer outside option,02/10/2026 12:21:08,,,,,,,
Pair_XYKBOK,7,3,Person A,800,200,Too low - counteroffer,02/10/2026 12:21:08,,,,,,,
Pair_XYKBOK,7,4,Person B,450,550,Better offer outside option,02/10/2026 12:21:08,,,,,,,
Pair_XYKBOK,7,5,Person A,750,250,Accept - offer accepted,02/10/2026 12:21:08,,,,,,,
Pair__Cu5-5,7,1,Person A,748,252,Accept - offer accepted,02/10/2026 12:23:03,,,,,,,
Pair_ze01Oa,6,1,Person B,500,500,Better offer outside option,02/13/2026 22:56:07,,,,,,,
Pair_ze01Oa,6,2,Person A,600,400,Accept - offer accepted,02/13/2026 22:56:07,,,,,,,
Pair_WD21r0,7,1,Person B,500,500,Not accept,02/13/2026 22:58:00,,,,,,,
Pair_tYglej,7,1,Person B,250,750,Accept - offer accepted,02/13/2026 23:09:21,,,,,,,
Pair_y3ZAEg,7,1,Person A,800,200,Too low - counteroffer,02/13/2026 23:10:16,,,,,,,
Pair_y3ZAEg,7,2,Person B,750,250,Too low - counteroffer,02/13/2026 23:10:16,,,,,,,
Pair_y3ZAEg,7,3,Person A,800,200,Too low - counteroffer,02/13/2026 23:10:16,,,,,,,
Pair_y3ZAEg,7,4,Person B,770,230,Better offer outside option,02/13/2026 23:10:16,,,,,,,
Pair_y3ZAEg,7,5,Person A,795,205,Accept - offer accepted,02/13/2026 23:10:16,,,,,,,
Pair_RX7gDx,5,1,Person A,500,500,Too low - counteroffer,02/13/2026 23:13:35,,,,,,,
Pair_RX7gDx,5,2,Person B,350,650,Too low - counteroffer,02/13/2026 23:13:35,,,,,,,
Pair_RX7gDx,5,3,Person A,750,250,Too low - counteroffer,02/13/2026 23:13:35,,,,,,,
Pair_RX7gDx,5,4,Person B,450,550,Too low - counteroffer,02/13/2026 23:13:35,,,,,,,
Pair_RX7gDx,5,5,Person A,800,200,Too low - counteroffer,02/13/2026 23:13:35,,,,,,,
Pair_RX7gDx,5,6,Person B,550,450,Too low - counteroffer,02/13/2026 23:13:35,,,,,,,
Pair_RX7gDx,5,7,Person A,720,280,Better offer outside option,02/13/2026 23:13:35,,,,,,,
Pair_RX7gDx,5,8,Person B,700,300,Accept - offer accepted,02/13/2026 23:13:35,,,,,,,
Pair_K7ZZ79,6,1,Person A,600,400,Too low - counteroffer,02/13/2026 23:17:51,,,,,,,
Pair_K7ZZ79,6,2,Person B,550,450,Too low - counteroffer,02/13/2026 23:17:51,,,,,,,
Pair_K7ZZ79,6,3,Person A,900,100,Too low - counteroffer,02/13/2026 23:17:51,,,,,,,
Pair_K7ZZ79,6,4,Person B,600,400,Accept - offer accepted,02/13/2026 23:17:51,,,,,,,
Pair_DOqS0Q,7,1,Person A,600,400,Accept - offer accepted,02/13/2026 23:21:34,,,,,,,
Pair_HmCOS5,6,1,Person B,500,500,Too low - counteroffer,02/13/2026 23:24:05,,,,,,,
Pair_HmCOS5,6,2,Person A,550,450,Accept - offer accepted,02/13/2026 23:24:05,,,,,,,
Pair_Lrjt0r,5,1,Person B,250,750,Too low - counteroffer,02/13/2026 23:52:13,,,,,,,
Pair_Lrjt0r,5,2,Person A,600,400,Too low - counteroffer,02/13/2026 23:52:13,,,,,,,
Pair_Lrjt0r,5,3,Person B,275,725,Too low - counteroffer,02/13/2026 23:52:13,,,,,,,
Pair_Lrjt0r,5,4,Person A,550,450,Better offer outside option,02/13/2026 23:52:13,,,,,,,
Pair_Lrjt0r,5,5,Person B,300,700,Accept - offer accepted,02/13/2026 23:52:13,,,,,,,
Pair_D5cBST,6,1,Person B,505,495,Too low - counteroffer,02/13/2026 23:57:00,,,,,,,
Pair_D5cBST,6,2,Person A,800,200,Too low - counteroffer,02/13/2026 23:57:00,,,,,,,
Pair_D5cBST,6,3,Person B,550,450,Too low - counteroffer,02/13/2026 23:57:00,,,,,,,
Pair_D5cBST,6,4,Person A,700,300,Too low - counteroffer,02/13/2026 23:57:00,,,,,,,
Pair_D5cBST,6,5,Person B,500,500,Better offer outside option,02/13/2026 23:57:00,,,,,,,
Pair_D5cBST,6,6,Person A,600,400,Too low - counteroffer,02/13/2026 23:57:00,,,,,,,
Pair_D5cBST,6,7,Person B,545,455,Accept - offer accepted,02/13/2026 23:57:00,,,,,,,
Pair_dQmYHf,7,1,Person B,330,670,Better offer outside option,02/14/2026 00:03:45,,,,,,,
Pair_dQmYHf,7,2,Person A,1000,0,Too low - counteroffer,02/14/2026 00:03:45,,,,,,,
Pair_dQmYHf,7,3,Person B,800,200,Accept - offer accepted,02/14/2026 00:03:45,,,,,,,
Pair_5ghNQw,5,1,Person B,400,600,Better offer outside option,02/14/2026 00:07:30,,,,,,,
Pair_5ghNQw,5,2,Person A,450,550,Too low - counteroffer,02/14/2026 00:07:30,,,,,,,
Pair_5ghNQw,5,3,Person B,399,601,Too low - counteroffer,02/14/2026 00:07:30,,,,,,,
Pair_5ghNQw,5,4,Person A,447,553,Too low - counteroffer,02/14/2026 00:07:30,,,,,,,
Pair_5ghNQw,5,5,Person B,395,605,Too low - counteroffer,02/14/2026 00:07:30,,,,,,,
Pair_5ghNQw,5,6,Person A,456,544,Too low - counteroffer,02/14/2026 00:07:30,,,,,,,
Pair_5ghNQw,5,7,Person B,396,604,Better offer outside option,02/14/2026 00:07:30,,,,,,,
Pair_5ghNQw,5,8,Person A,400,600,Accept - offer accepted,02/14/2026 00:07:30,,,,,,,
Pair_PK_3HU,5,1,Person B,400,600,Accept - offer accepted,02/14/2026 00:38:17,,,,,,,
Pair_sj0Ldw,5,1,Person B,398,602,Accept - offer accepted,02/14/2026 00:42:23,,,,,,,
Pair_dMTqbN,7,1,Person B,800,200,Not accept,02/14/2026 00:50:09,,,,,,,
Pair_G3URfA,7,1,Person B,200,800,Too low - counteroffer,02/14/2026 00:52:10,,,,,,,
Pair_G3URfA,7,2,Person A,350,650,Better offer outside option,02/14/2026 00:52:10,,,,,,,
Pair_G3URfA,7,3,Person B,240,760,Too low - counteroffer,02/14/2026 00:52:10,,,,,,,
Pair_G3URfA,7,4,Person A,320,680,Accept - offer accepted,02/14/2026 00:52:10,,,,,,,
Pair_2IjjIW,6,1,Person B,300,700,Too low - counteroffer,02/14/2026 00:53:59,,,,,,,
Pair_2IjjIW,6,2,Person A,550,450,Better offer outside option,02/14/2026 00:53:59,,,,,,,
Pair_2IjjIW,6,3,Person B,400,600,Too low - counteroffer,02/14/2026 00:53:59,,,,,,,
Pair_2IjjIW,6,4,Person A,530,470,Not accept,02/14/2026 00:53:59,,,,,,,
Pair_YxDXQ8,5,1,Person A,500,500,Too low - counteroffer,02/14/2026 00:55:55,,,,,,,
Pair_YxDXQ8,5,2,Person B,700,300,Better offer outside option,02/14/2026 00:55:55,,,,,,,
Pair_YxDXQ8,5,3,Person A,450,550,Better offer outside option,02/14/2026 00:55:55,,,,,,,
Pair_YxDXQ8,5,4,Person B,650,350,Accept - offer accepted,02/14/2026 00:55:55,,,,,,,
Pair_OjVT6N,7,1,Person A,250,750,Better offer outside option,02/14/2026 00:57:28,,,,,,,
Pair_OjVT6N,7,2,Person B,300,700,Too low - counteroffer,02/14/2026 00:57:28,,,,,,,
Pair_OjVT6N,7,3,Person A,260,740,Too low - counteroffer,02/14/2026 00:57:28,,,,,,,
Pair_OjVT6N,7,4,Person B,300,700,Too low - counteroffer,02/14/2026 00:57:28,,,,,,,
Pair_OjVT6N,7,5,Person A,730,270,Too low - counteroffer,02/14/2026 00:57:28,,,,,,,
Pair_OjVT6N,7,6,Person B,400,600,Better offer outside option,02/14/2026 00:57:28,,,,,,,
Pair_OjVT6N,7,7,Person A,700,300,Better offer outside option,02/14/2026 00:57:28,,,,,,,
Pair_OjVT6N,7,8,Person B,420,580,Too low - counteroffer,02/14/2026 00:57:28,,,,,,,
Pair_OjVT6N,7,9,Person A,700,300,Accept - offer accepted,02/14/2026 00:57:28,,,,,,,
Pair_std5JM,7,1,Person A,900,100,Better offer outside option,02/14/2026 01:00:57,,,,,,,
Pair_std5JM,7,2,Person B,300,700,Too low - counteroffer,02/14/2026 01:00:57,,,,,,,
Pair_std5JM,7,3,Person A,850,150,Better offer outside option,02/14/2026 01:00:57,,,,,,,
Pair_std5JM,7,4,Person B,350,650,Too low - counteroffer,02/14/2026 01:00:57,,,,,,,
Pair_std5JM,7,5,Person A,840,160,Too low - counteroffer,02/14/2026 01:00:57,,,,,,,
Pair_std5JM,7,6,Person B,360,640,Better offer outside option,02/14/2026 01:00:57,,,,,,,
Pair_std5JM,7,7,Person A,800,200,Too low - counteroffer,02/14/2026 01:00:57,,,,,,,
Pair_std5JM,7,8,Person B,410,590,Better offer outside option,02/14/2026 01:00:57,,,,,,,
Pair_std5JM,7,9,Person A,770,230,Accept - offer accepted,02/14/2026 01:00:57,,,,,,,
,,,,,,,,,,,,,,
Pair_I-Fxn7,6,1,Person A,600,400,Too low - counteroffer,02/14/2026 01:08:28,,,,,,,
Pair_I-Fxn7,6,2,Person B,600,400,Accept - offer accepted,02/14/2026 01:08:28,,,,,,,
Pair_VmJoGK,5,1,Person B,300,700,Better offer outside option,02/14/2026 01:10:05,,,,,,,
Pair_VmJoGK,5,2,Person A,300,700,Accept - offer accepted,02/14/2026 01:10:05,,,,,,,
Pair_mHICN-,6,1,Person A,700,300,Too low - counteroffer,02/14/2026 01:12:00,,,,,,,
Pair_mHICN-,6,2,Person B,350,650,Too low - counteroffer,02/14/2026 01:12:00,,,,,,,
Pair_mHICN-,6,3,Person A,600,400,Too low - counteroffer,02/14/2026 01:12:00,,,,,,,
Pair_mHICN-,6,4,Person B,350,650,Too low - counteroffer,02/14/2026 01:12:00,,,,,,,
Pair_mHICN-,6,5,Person A,500,500,Accept - offer accepted,02/14/2026 01:12:00,,,,,,,
Pair_7pHxO6,5,1,Person A,1000,0,Too low - counteroffer,02/14/2026 01:31:48,,,,,,,
Pair_7pHxO6,5,2,Person B,400,600,Accept - offer accepted,02/14/2026 01:31:48,,,,,,,
Pair_kjt3yr,5,1,Person B,300,700,Too low - counteroffer,02/14/2026 13:50:24,,,,,,,
Pair_kjt3yr,5,2,Person A,400,600,Not accept,02/14/2026 13:50:24,,,,,,,
Pair_oQ_w_n,6,1,Person B,400,600,Better offer outside option,02/14/2026 13:52:40,,,,,,,
Pair_oQ_w_n,6,2,Person A,600,400,Too low - counteroffer,02/14/2026 13:52:40,,,,,,,
Pair_oQ_w_n,6,3,Person B,450,550,Accept - offer accepted,02/14/2026 13:52:40,,,,,,,
Pair_Vcx0ak,7,1,Person B,600,400,Better offer outside option,02/14/2026 13:54:36,,,,,,,
Pair_Vcx0ak,7,2,Person A,1000,0,Better offer outside option,02/14/2026 13:54:36,,,,,,,
Pair_Vcx0ak,7,3,Person B,400,600,Not accept,02/14/2026 13:54:36,,,,,,,
Pair_v9sqC7,5,1,Person B,200,800,Too low - counteroffer,02/14/2026 19:12:18,,,,,,,
Pair_v9sqC7,5,2,Person A,600,400,Too low - counteroffer,02/14/2026 19:12:18,,,,,,,
Pair_v9sqC7,5,3,Person B,250,750,Too low - counteroffer,02/14/2026 19:12:18,,,,,,,
Pair_v9sqC7,5,4,Person A,700,300,Better offer outside option,02/14/2026 19:12:18,,,,,,,
Pair_v9sqC7,5,5,Person B,300,700,Too low - counteroffer,02/14/2026 19:12:18,,,,,,,
Pair_v9sqC7,5,6,Person A,550,450,Too low - counteroffer,02/14/2026 19:12:18,,,,,,,
Pair_v9sqC7,5,7,Person B,412,588,Too low - counteroffer,02/14/2026 19:12:18,,,,,,,
Pair_v9sqC7,5,8,Person A,500,500,Too low - counteroffer,02/14/2026 19:12:18,,,,,,,
Pair_v9sqC7,5,9,Person B,520,480,Accept - offer accepted,02/14/2026 19:12:18,,,,,,,
Pair_R3CsnU,6,1,Person B,400,600,Too low - counteroffer,02/14/2026 19:15:33,,,,,,,
Pair_R3CsnU,6,2,Person A,750,250,Too low - counteroffer,02/14/2026 19:15:33,,,,,,,
Pair_R3CsnU,6,3,Person B,550,450,Accept - offer accepted,02/14/2026 19:15:33,,,,,,,
Pair_0XhX-i,7,1,Person A,800,200,Too low - counteroffer,02/14/2026 19:17:08,,,,,,,
Pair_0XhX-i,7,2,Person B,750,250,Too low - counteroffer,02/14/2026 19:17:08,,,,,,,
Pair_0XhX-i,7,3,Person A,790,210,Accept - offer accepted,02/14/2026 19:17:08,,,,,,,
Pair_VAaBuH,6,1,Person A,800,200,Too low - counteroffer,02/14/2026 19:20:35,,,,,,,
Pair_VAaBuH,6,2,Person B,700,300,Too low - counteroffer,02/14/2026 19:20:35,,,,,,,
Pair_VAaBuH,6,3,Person A,750,250,Too low - counteroffer,02/14/2026 19:20:35,,,,,,,
Pair_VAaBuH,6,4,Person B,720,280,Accept - offer accepted,02/14/2026 19:20:35,,,,,,,
Pair_nu41Y5,6,1,Person B,500,500,Too low - counteroffer,02/14/2026 19:23:16,,,,,,,
Pair_nu41Y5,6,2,Person A,750,250,Too low - counteroffer,02/14/2026 19:23:16,,,,,,,
Pair_nu41Y5,6,3,Person B,600,400,Too low - counteroffer,02/14/2026 19:23:16,,,,,,,
Pair_nu41Y5,6,4,Person A,700,300,Accept - offer accepted,02/14/2026 19:23:16,,,,,,,
Pair_flVKwq,6,1,Person B,500,500,Too low - counteroffer,02/14/2026 19:25:50,,,,,,,
Pair_flVKwq,6,2,Person A,600,400,Too low - counteroffer,02/14/2026 19:25:50,,,,,,,
Pair_flVKwq,6,3,Person B,580,420,Too low - counteroffer,02/14/2026 19:25:50,,,,,,,
Pair_flVKwq,6,4,Person A,600,400,Accept - offer accepted,02/14/2026 19:25:50,,,,,,,
Pair_3bWTln,5,1,Person A,600,400,Too low - counteroffer,02/14/2026 19:41:00,,,,,,,
Pair_3bWTln,5,2,Person B,300,700,Too low - counteroffer,02/14/2026 19:41:00,,,,,,,
Pair_3bWTln,5,3,Person A,600,400,Too low - counteroffer,02/14/2026 19:41:00,,,,,,,
Pair_3bWTln,5,4,Person B,350,650,Too low - counteroffer,02/14/2026 19:41:00,,,,,,,
Pair_3bWTln,5,5,Person A,500,500,Too low - counteroffer,02/14/2026 19:41:00,,,,,,,
Pair_3bWTln,5,6,Person B,400,600,Too low - counteroffer,02/14/2026 19:41:00,,,,,,,
Pair_3bWTln,5,7,Person A,500,500,Too low - counteroffer,02/14/2026 19:41:00,,,,,,,
Pair_3bWTln,5,8,Person B,400,600,Too low - counteroffer,02/14/2026 19:41:00,,,,,,,
Pair_3bWTln,5,9,Person A,450,550,Too low - counteroffer,02/14/2026 19:41:00,,,,,,,
Pair_3bWTln,5,10,Person B,400,600,Accept - offer accepted,02/14/2026 19:41:00,,,,,,,
Pair_ViUgpT,6,1,Person B,500,500,Too low - counteroffer,02/14/2026 19:44:42,,,,,,,
Pair_ViUgpT,6,2,Person A,750,250,Too low - counteroffer,02/14/2026 19:44:42,,,,,,,
Pair_ViUgpT,6,3,Person B,510,490,Too low - counteroffer,02/14/2026 19:44:42,,,,,,,
Pair_ViUgpT,6,4,Person A,700,300,Too low - counteroffer,02/14/2026 19:44:42,,,,,,,
Pair_ViUgpT,6,5,Person B,550,450,Too low - counteroffer,02/14/2026 19:44:42,,,,,,,
Pair_ViUgpT,6,6,Person A,700,300,Too low - counteroffer,02/14/2026 19:44:42,,,,,,,
Pair_ViUgpT,6,7,Person B,550,450,Too low - counteroffer,02/14/2026 19:44:42,,,,,,,
Pair_ViUgpT,6,8,Person A,700,300,Not accept,02/14/2026 19:44:42,,,,,,,
Pair_EPD1MV,6,1,Person A,750,250,Too low - counteroffer,02/14/2026 19:48:06,,,,,,,
Pair_EPD1MV,6,2,Person B,600,400,Accept - offer accepted,02/14/2026 19:48:06,,,,,,,
Pair_lkGK-p,7,1,Person B,760,240,Too low - counteroffer,02/14/2026 19:49:39,,,,,,,
Pair_lkGK-p,7,2,Person A,800,200,Too low - counteroffer,02/14/2026 19:49:39,,,,,,,
Pair_lkGK-p,7,3,Person B,780,220,Accept - offer accepted,02/14/2026 19:49:39,,,,,,,
Pair_ERz635,6,1,Person A,599,401,Accept - offer accepted,02/14/2026 19:52:04,,,,,,,
Pair_YEDes8,5,1,Person A,400,600,Too low - counteroffer,02/14/2026 19:53:25,,,,,,,
Pair_YEDes8,5,2,Person B,400,600,Too low - counteroffer,02/14/2026 19:53:25,,,,,,,
Pair_YEDes8,5,3,Person A,400,600,Accept - offer accepted,02/14/2026 19:53:25,,,,,,,
Pair_NKQ8VX,5,1,Person A,600,400,Too low - counteroffer,02/14/2026 19:55:22,,,,,,,
Pair_NKQ8VX,5,2,Person B,300,700,Too low - counteroffer,02/14/2026 19:55:22,,,,,,,
Pair_NKQ8VX,5,3,Person A,600,400,Too low - counteroffer,02/14/2026 19:55:22,,,,,,,
Pair_NKQ8VX,5,4,Person B,350,650,Accept - offer accepted,02/14/2026 19:55:22,,,,,,,
Pair_bN94u1,6,1,Person A,650,350,Too low - counteroffer,02/14/2026 19:56:58,,,,,,,
Pair_bN94u1,6,2,Person B,500,500,Too low - counteroffer,02/14/2026 19:56:58,,,,,,,
Pair_bN94u1,6,3,Person A,529,471,Too low - counteroffer,02/14/2026 19:56:58,,,,,,,
Pair_bN94u1,6,4,Person B,510,490,Too low - counteroffer,02/14/2026 19:56:58,,,,,,,
Pair_bN94u1,6,5,Person A,550,450,Accept - offer accepted,02/14/2026 19:56:58,,,,,,,
Pair_pSzcHc,6,1,Person B,650,350,Too low - counteroffer,02/14/2026 19:58:47,,,,,,,
Pair_pSzcHc,6,2,Person A,1000,0,Too low - counteroffer,02/14/2026 19:58:47,,,,,,,
Pair_pSzcHc,6,3,Person B,650,350,Too low - counteroffer,02/14/2026 19:58:47,,,,,,,
Pair_pSzcHc,6,4,Person A,300,700,Too low - counteroffer,02/14/2026 19:58:47,,,,,,,
Pair_pSzcHc,6,5,Person B,660,340,Accept - offer accepted,02/14/2026 19:58:47,,,,,,,
Pair_eHth0j,7,1,Person A,850,150,Too low - counteroffer,02/14/2026 20:01:17,,,,,,,
Pair_eHth0j,7,2,Person B,800,200,Accept - offer accepted,02/14/2026 20:01:17,,,,,,,
Pair_KcuWLR,5,1,Person B,500,500,Accept - offer accepted,02/14/2026 21:31:27,,,,,,,
Pair_B7LucE,6,1,Person A,400,600,Accept - offer accepted,02/14/2026 21:33:05,,,,,,,
Pair_OoZiJ-,7,1,Person B,600,400,Accept - offer accepted,02/14/2026 21:34:12,,,,,,,
